infrastructure	government-service
academic-technology-approval	1001
access-life-chances-fund	1002
animal-disease-testing	1003
apply-budgeting-loan	1004
apply-civil-service-fast-stream	1006
apply-emergency-travel-document	1007
apply-for-bankruptcy	1008
apply-for-debt-relief-order	1009
benefitfraud-trial	1014
biomass-suppliers-list	1015
biometric-residence-permit	1016
carersallowance	1018
catchreturn	1019
check-biometric-residence-permit	1020
check-mot	1021
checklegalaid	1022
civilclaims	1023
civilservicejobs	1026
civilservicejobshare	1027
claim-crown-court-defence	1028
cloud	1030
compare-school-performance	1031
complete-deputy-report	1033
consular-appointments	1034
contractsfinder	1036
courttribunalfinder	1037
courttribunalformfinder	1038
dartford-crossing-charge	1039
digitalmarketplace	1040
digitalservicesstore	1041
domaininformation	1044
driving-medical-condition	1046
dvla-web-chat	1047
electronic-visa-waiver	1048
email-dvla	1049
employmenttribunals	1050
energy-saving-home-improvement-fund	1051
faster-uk-entry	1052
find-business-support	1053
findapprenticeship	1054
findpensioncontacts	1055
flood-map-for-planning	1056
flood-warning-information	1057
fqaregister	1058
get-disability-work-support	1059
get-document-legalised	1060
get-fishing-licence	1061
help-refugees-uk	1068
helpwithcourtfees	1070
hgvlevy	1071
immigration-health-surcharge	1073
immigrationstatuscheck	1074
international-waste-shipments	1075
lastingpowerofattorney	1076
loststolenpassport	1078
makeaplea	1079
manage-apprenticeships	1080
managefleetvehicles	1082
miscarriage-justice-compensation	1083
mot-testing	1084
nominate-uk-honour	1085
notifications	1087
orphanworkslicensing	1089
overseas-crisis	1090
passport	1091
passportapplication	1092
passportappointment	1093
passportofficeforms	1094
pay-legalisation-drop-off	1100
pay-legalisation-post	1101
pay-register-birth-abroad	1102
pay-register-death-abroad	1103
paydrivingfinetrial	1104
paydvlafine	1105
payments	1106
peoplefinder	1108
personalisedvehicleregistration	1110
prisonvisits	1111
probatesearch	1112
queens-awards-enterprise	1115
recruit-apprentice	1116
redundancy-payments	1117
register-alerts-international-opportunities	1118
register-flood-risk-exemption	1120
registertovote	1122
renewable-heat-calculator	1123
report-benefit-fraud	1124
report-director-conduct	1125
report-immigration-custom-crime	1126
ruralpayments	1128
search-property-information	1129
send-money-to-prisoner	1130
skillsfunding	1134
sorn	1135
student-finance	1136
take-part-in-research	1138
tax	1139
taxdisc	1141
trackparliamentaryquestions	1142
trade-challenge-accreditation	1143
tribunalsdecisions	1145
universal-credit	1148
universalcredit	1148
update-charity-details	1149
vehicle-operator-licensing	1150
vehicleenquiry	1152
vehicletax	1153
verifyapostille	1154
viewdrivingrecord	1155
visa-address-update	1156
visas-immigration	1157
wastecarriersregistration	1158
wasteexemptions	1159
weee	1160
buysellvehicle	1917
