government-sevice-domain	name	government-organisation [slug from gov org register]	start-date	end-date	url 
academic-technology-approval	Academic Technology Approval Scheme (ATAS)	foreign-commonwealth-office			https://www.academic-technology-approval.service.gov.uk/
access-life-chances-fund					
animal-disease-testing					
apply-budgeting-loan					
apply-civil-service-apprenticeship					
apply-civil-service-fast-stream					
apply-emergency-travel-document					
apply-for-bankruptcy					
apply-for-debt-relief-order					
biomass-suppliers-list					
biometric-residence-permit					
buysellvehicle					
carersallowance					
catchreturn					
check-biometric-residence-permit					
check-mot					
checklegalaid					
civilclaims					
civillegaladvice					
civilserviceappraisals					
civilservicejobs	Civil Service Job Search				
civilservicejobshare					
claim-crown-court-defence					
cloud					
compare-school-performance					
complete-deputy-report					
consular-appointments					
contractsfinder					
courttribunalfinder					
courttribunalformfinder					
dartford-crossing-charge					
digitalmarketplace					
digitalservicesstore					
dmarc					
domaininformation					
driverrecord					
driving-medical-condition					
dvla-web-chat					
electronic-visa-waiver					
email-dvla					
employmenttribunals					
energy-saving-home-improvement-fund					
faster-uk-entry					
find-business-support					
findapprenticeship					
findpensioncontacts					
flood-map-for-planning					
flood-warning-information					
fqaregister					
get-disability-work-support					
get-document-legalised					
get-fishing-licence					
google					
governmentcontrols					
govstore					
govuk					
help-refugees-uk					
helpwithcourtfees					
hgvlevy					
hostmaster.digital.cabinet-office.gov.uk.					
immigration-health-surcharge					
immigrationstatuscheck					
international-waste-shipments					
lastingpowerofattorney					
loststolenpassport					
makeaplea					
manage-apprenticeships					
managefleetvehicles					
miscarriage-justice-compensation					
mot-testing					
nominate-uk-honour					
nomscfo-gateway					
notifications					
orphanworkslicensing					
overseas-crisis					
passport					
passportappointment					
passportofficeforms					
patent					
pay-foreign-marriage-certificates					
pay-legalisation-drop-off					
pay-legalisation-post					
pay-register-birth-abroad					
pay-register-death-abroad					
paydvlafine					
payments					
peoplefinder					
performance					
personalisedvehicleregistration					
prisonvisits					
probatesearch					
publicservicesnetwork					
publishing					
queens-awards-enterprise					
recruit-apprentice					
redundancy-payments					
register-alerts-international-opportunities					
register-flood-risk-exemption					
registered-design					
registertovote					
renewable-heat-calculator					
report-benefit-fraud					
report-director-conduct					
report-immigration-custom-crime					
ruralpayments					
search-property-information					
send-money-to-prisoner					
signin					
skillsfunding					
sorn					
student-finance					
tax					
taxdisc					
trackparliamentaryquestions					
trade-challenge-accreditation					
tribunalsdecisions					
universal-credit					
universalcredit					
update-charity-details					
vehicle-operator-licensing					
vehicleenquiry					
vehicletax					
verifyapostille					
viewdrivingrecord					
visa-address-update					
visas-immigration					
wastecarriersregistration					
wasteexemptions					
weee					
wifi					
service					
benefitfraud-trial					
lloydsshares					
passportapplication					
paydrivingfinetrial					
take-part-in-research					
