Gov-uk	government-service
[Appeal my case]	
[Apply for a Debt Relief Order]	1009
[Assisted Prison Visits]	1111
[Close a Charity]	
[Companies House]	
[Contact UKVI]	
[Contracts finder account]	1036
[Defence client's case]	
[Defend my case]	
[Digital Interviewing]	
[DVLA webchat]	1047
[e-GAR]	
[Equine database]	
[Family Visas]	
[Fast Track apprenticeship recruitment service]	
[Find out if you need an international trade licence]	
[Flood Map for Planning]	1056
[Flood Risk Activity Exemptions]	1120
[Flood Warnings Service]	1057
[Funding calculator for flood and coastal erosion risk management (FCRM)]	
[Gender Pay Gap]	
[govwifi]	
[HMCTS Form - Child Custody]	
[Honours and Appointments Online Nomination Form]	1085
[Industrial Injuries Disablement Benefit]	
[Innovation Funding Service]	
[Judge a case]	
[Life Chances Fund]	1002
[Manage a court]	
[Manage users]	
[Marine Management Organisation ERS]	
[OLEV project]	
[Payment Duty Register]	
[Prosecute a case]	
[RAISE replacement service]	
[Report Landfill Data / EA Data Returns]	
[Take part in user research]	
Access to Work	
Apply for a Budgeting Loan	1004
Apply for Bankruptcy	1008
Apply for Divorce	
Apprenticeships [Apprenticeships Digital Service / Manage Apprenticeship Levy]	1080
Campaigns platform	
Charities Registration	
Civil Service Fast Stream	1006
Complete the Deputy Report	
CS Fast Stream	1006
Defence Cyber Protection Partnership	
Director Conduct Assessment Service	1125
Email DVLA	1049
Emergency Travel Documents	1007
EU Regional Development / Social Fund	
Fitness to Drive	
GOV.UK Pay	
I want to Fish	1061
Juror Digital Online Summons	
Legalisation Service	
Local Land Charges	
Medical Notification Service	
Medical Renewal Service	
MOT Testing	1084
NHS e-referral	
NHS Pensions	
Pay Fine Online	1105
Public Offers of Help	
Recruit an Apprentice	1116
Referral Capture [Report a Benefit Fraud]	
Register a Vehicle	
Send Money to a Prisoner	1130
State Pension Activation	
Tax Free Childcare (Provider)	
Trade Tariff	
Update Charity Details	1149
Vehicle Operator Licencing	1150
VICTOR (Veterinary Investigation Centre Tests and Online Results)	
