government-service	hostname	government-organisation	start-date	end-date
1001	academic-technology-approval	D13		
1002	access-life-chances-fund	D2		
1003	animal-disease-testing	EA1079		
1004	apply-budgeting-loan	D10		
1006	apply-civil-service-fast-stream	OT1121		
1007	apply-emergency-travel-document	D13		
1008	apply-for-bankruptcy	EA32		
1009	apply-for-debt-relief-order	EA32		
1014	benefitfraud-trial	D10		
1015	biomass-suppliers-list	D1198		
1016	biometric-residence-permit	D16		
1017	buysellvehicle	EA74		
1018	carersallowance	D10		
1019	catchreturn	EA199		
1020	check-biometric-residence-permit	D16		
1021	check-mot	EA570		
1022	checklegalaid	EA556		
1023	civilclaims	EA73		
1026	civilservicejobs	CS1028		
1027	civilservicejobshare	CS1028		
1028	claim-crown-court-defence	EA556		
1030	cloud	OT1056		
1031	compare-school-performance	D6		
1033	complete-deputy-report	EA72		
1034	consular-appointments	D13		
1036	contractsfinder	EA1015		
1037	courttribunalfinder	EA73		
1038	courttribunalformfinder	EA73		
1039	dartford-crossing-charge	EA1114		
1040	digitalmarketplace	OT1056		
1041	digitalservicesstore	OT1056		
1044	domaininformation	OT1056		
1046	driving-medical-condition	EA74		
1047	dvla-web-chat	EA74		
1048	electronic-visa-waiver	D16		
1049	email-dvla	EA74		
1050	employmenttribunals	EA73		
1051	energy-saving-home-improvement-fund	D1198		
1052	faster-uk-entry	OT535		
1053	find-business-support	D1198		
1054	findapprenticeship	EA86		
1055	findpensioncontacts	D10		
1056	flood-map-for-planning	EA199		
1057	flood-warning-information	EA199		
1058	fqaregister	D7		
1059	get-disability-work-support	D10		
1060	get-document-legalised	D13		
1061	get-fishing-licence	EA199		
1068	help-refugees-uk	D16		
1070	helpwithcourtfees	EA73		
1071	hgvlevy	EA74		
1073	immigration-health-surcharge	D16		
1074	immigrationstatuscheck	D16		
1075	international-waste-shipments	EA199		
1076	lastingpowerofattorney	EA72		
1078	loststolenpassport	EA66		
1079	makeaplea	D18		
1080	manage-apprenticeships	EO1216		
1082	managefleetvehicles	EA74		
1083	miscarriage-justice-compensation	D18		
1084	mot-testing	EA570		
1085	nominate-uk-honour	D2		
1087	notifications	OT1056		
1089	orphanworkslicensing	EA34		
1090	overseas-crisis	D13		
1091	passport	EA66		
1092	passportapplication	EA66		
1093	passportappointment	EA66		
1094	passportofficeforms	EA66		
1100	pay-legalisation-drop-off	D13		
1101	pay-legalisation-post	D13		
1102	pay-register-birth-abroad	D13		
1103	pay-register-death-abroad	D13		
1104	paydrivingfinetrial	EA74		
1105	paydvlafine	EA74		
1106	payments	OT1056		
1108	peoplefinder	D18		
1110	personalisedvehicleregistration	EA74		
1111	prisonvisits	EA321		
1112	probatesearch	EA73		
1115	queens-awards-enterprise	D1198		
1116	recruit-apprentice	EA86		
1117	redundancy-payments	EA32		
1118	register-alerts-international-opportunities	D13		
1120	register-flood-risk-exemption	EA199		
1122	registertovote	D2		
1123	renewable-heat-calculator	D1198		
1124	report-benefit-fraud	D10		
1125	report-director-conduct	EA32		
1126	report-immigration-custom-crime	D16		
1128	ruralpayments	EA58		
1129	search-property-information	D69		
1130	send-money-to-prisoner	D18		
1134	skillsfunding	EA86		
1135	sorn	EA74		
1136	student-finance	PB27		
1138	take-part-in-research	OT1056		
1139	tax	D25		
1141	taxdisc	EA74		
1142	trackparliamentaryquestions	D18		
1143	trade-challenge-accreditation	D1196		
1145	tribunalsdecisions	EA73		
1148	universalcredit	D10		
1149	update-charity-details	D98		
1151	vehicle-operator-licensing	PB465		
1152	vehicleenquiry	EA74		
1153	vehicletax	EA74		
1154	verifyapostille	D13		
1155	viewdrivingrecord	EA74		
1156	visa-address-update	OT554		
1157	visas-immigration	OT554		
1158	wastecarriersregistration	EA199		
1159	wasteexemptions	EA199		
1160	weee	EA199		
