government- sevice	hostname	government-organisation	start-date	end-date
1001	academic-technology-approval	foreign-commonwealth-office		
1002	access-life-chances-fund	cabinet-office		
1003	animal-disease-testing	animal-and-plant-health-agency		
1004	apply-budgeting-loan	department-for-work-pensions		
1006	apply-civil-service-fast-stream	civil-service-resourcing		
1007	apply-emergency-travel-document	foreign-commonwealth-office		
1008	apply-for-bankruptcy	insolvency-service		
1014	benefitfraud-trial	department-for-work-pensions		
1015	biomass-suppliers-list	ofgem		
1017	buysellvehicle	driver-and-vehicle-licensing-agency		
1018	carersallowance	department-for-work-pensions		
1019	catchreturn	environment-agency		
1020	check-biometric-residence-permit	uk-visas-and-immigration		
1021	check-mot	driver-and-vehicle-licensing-agency		
1022	checklegalaid	legal-aid-agency		
1023	civilclaims	hm-courts-and-tribunals-service		
1026	civilservicejobs	civil-service		
1027	civilservicejobshare	civil-service		
1028	claim-crown-court-defence	legal-aid-agency		
1030	cloud	government-digital-service		
1031	compare-school-performance	department-for-education		
1033	complete-deputy-report	office-of-the-public-guardian		
1034	consular-appointments	embasies so not in list at present		
1036	contractsfinder	crown-commercial-service		
1037	courttribunalfinder	hm-courts-and-tribunals-service		
1039	dartford-crossing-charge	highways-england		
1040	digitalmarketplace	cabinet-office		
1041	digitalservicesstore	cabinet-office		
1044	domaininformation	cabinet-office		
1046	driving-medical-condition	driver-and-vehicle-licensing-agency		
1048	electronic-visa-waiver	home-office		
1049	email-dvla	driver-and-vehicle-licensing-agency		
1050	employmenttribunals	hm-courts-and-tribunals-service		
1052	faster-uk-entry	home-office		
1054	findapprenticeship	skills-funding-agency		
1055	findpensioncontacts	department-for-work-pensions		
1057	flood-warning-information	environment-agency		
1059	get-disability-work-support	department-for-work-pensions		
1060	get-document-legalised	foreign-commonwealth-office		
1061	get-fishing-licence	environment-agency		
1068	help-refugees-uk	home-office		
1071	hgvlevy	driver-and-vehicle-licensing-agency		
1074	immigrationstatuscheck	home-office		
1075	international-waste-shipments	environment-agency		
1076	lastingpowerofattorney	office-of-the-public-guardian		
1078	loststolenpassport	home-office		
1079	makeaplea	ministry-of-justice		
1080	manage-apprenticeships	department-for-education		
1082	managefleetvehicles	driver-and-vehicle-licensing-agency		
1083	miscarriage-justice-compensation	ministry-of-justice		
1084	mot-testing	driver-and-vehicle-standards-agency		
1085	nominate-uk-honour	cabinet-office		
1087	notifications	cabinet-office		
1089	orphanworkslicensing	intellectual-property-office		
1090	overseas-crisis	foreign-commonwealth-office		
1091	passport	hm-passport-office		
1092	passportapplication	hm-passport-office		
1093	passportappointment	hm-passport-office		
1100	pay-legalisation-drop-off	foreign-commonwealth-office		
1101	pay-legalisation-post	foreign-commonwealth-office		
1102	pay-register-birth-abroad	foreign-commonwealth-office		
1103	pay-register-death-abroad	foreign-commonwealth-office		
1104	paydrivingfinetrial	driver-and-vehicle-licensing-agency		
1105	paydvlafine	driver-and-vehicle-standards-agency		
1106	payments	cabinet-office		
1108	peoplefinder	ministry-of-justice		
1110	personalisedvehicleregistration	driver-and-vehicle-standards-agency		
1111	prisonvisits	ministry-of-justice		
1112	probatesearch	ministry-of-justice		
1115	queens-awards-enterprise	department-for-business-energy-and-industrial-strategy		
1116	recruit-apprentice	skills-funding-agency		
1117	redundancy-payments	insolvency-service		
1118	register-alerts-international-opportunities	foreign-commonwealth-office		
1120	register-flood-risk-exemption	environment-agency		
1122	registertovote	cabinet-office		
1123	renewable-heat-calculator	department-of-energy-climate-change		
1124	report-benefit-fraud	department-for-work-pensions		
1125	report-director-conduct	insolvency-service		
1128	ruralpayments	rural-payments-agency		
1129	search-property-information	land-registry		
1130	send-money-to-prisoner	ministry-of-justice		
1134	skillsfunding	skills-funding-agency		
1135	sorn	driver-and-vehicle-licensing-agency		
1136	student-finance	department-for-business-energy-and-industrial-strategy		
1139	tax	hm-revenue-customs		
1140	tax service	hm-revenue-customs		
1141	taxdisc	driver-and-vehicle-licensing-agency		
1142	trackparliamentaryquestions	ministry-of-justice		
1143	trade-challenge-accreditation	department-for-international-trade		
1145	tribunalsdecisions	ministry-of-justice		
1148	universalcredit	department-for-work-pensions		
1149	update-charity-details	charity-commission		
1150	vehicle-operator-licencing	driver-and-vehicle-licensing-agency		
1151	vehicle-operator-licensing	traffic-commissioners		
1152	vehicleenquiry	driver-and-vehicle-licensing-agency		
1153	vehicletax	driver-and-vehicle-licensing-agency		
1154	verifyapostille	foreign-commonwealth-office		
1155	viewdrivingrecord	driver-and-vehicle-licensing-agency		
1156	visa-address-update	home-office		
1157	visas-immigration	home-office		
1158	wastecarriersregistration	environment-agency		
1159	wasteexemptions	environment-agency		
1160	weee	environment-agency		
1009	apply-for-debt-relief-order	insolvency-service		
1016	biometric-residence-permit	home-office		
1038	courttribunalformfinder	hm-courts-and-tribunals-service		
1047	dvla-web-chat	driver-and-vehicle-licensing-agency		
1051	energy-saving-home-improvement-fund	department-of-energy-climate-change		
1053	find-business-support	department-for-business-energy-and-industrial-strategy		
1056	flood-map-for-planning	environment-agency		
1058	fqaregister	department-for-environment-food-rural-affairs		
